<?xml version="1.0" encoding="UTF-8"?>
<extension>
    <name>CamillaMellow DSP</name>
    <module>Plugins::CamillaMellow::Plugin</module>
    <version>0.2.0</version>
    <description>FIR processing with REW integration and CamillaDSP</description>
    <creator>Informatica Melizzi</creator>
    <email>support@informaticamelizzi.it</email>
    <homepageURL>https://github.com/InformaticaMelizzi/camillamellownew</homepageURL>
    <link>https://github.com/InformaticaMelizzi/camillamellownew</link>
    <category>audio</category>
    <targetApplication>
        <id>SqueezeboxServer</id>
        <minVersion>7.0</minVersion>
        <maxVersion>*</maxVersion>
    </targetApplication>
</extension>
